{"cameraMode":{"drawMode":0,"name":"Shaded","section":"Shading Mode"},"sceneLighting":false,"audioPlay":false,"sceneViewState":{"showFog":true,"showMaterialUpdate":false,"showSkybox":false,"showFlares":true,"showImageEffects":true,"showParticleSystems":true},"in2DMode":false,"pivot":{"x":-29.938020706176759,"y":0.05000000074505806,"z":23.874588012695314},"rotation":{"x":0.3275822401046753,"y":0.028338635340332986,"z":-0.00983128696680069,"w":0.9443498253822327},"size":2.3392786979675295,"orthographic":false}